{
  "empty": 4268.479371045358,
  "biggest": 18.010694236455443,
  "smooth": 0.39019808081028295,
  "corner": 21.201936789941232,
  "mono": 13.147122149705332
}
